modelo,classe,precisao,revocacao,f1,suporte,TP,FN,FP,TN
KNN,0,0.9365079365079365,1.0,0.9672131147540983,59,59,0,4,115
KNN,1,1.0,0.9154929577464789,0.9558823529411765,71,65,6,0,107
KNN,2,0.96,1.0,0.9795918367346939,48,48,0,2,128
Random Forest,0,0.9833333333333333,1.0,0.9915966386554622,59,59,0,1,118
Random Forest,1,1.0,0.971830985915493,0.9857142857142858,71,69,2,0,107
Random Forest,2,0.9795918367346939,1.0,0.9896907216494846,48,48,0,1,129
SVM,0,1.0,0.9830508474576272,0.9914529914529915,59,58,1,0,119
SVM,1,0.971830985915493,0.971830985915493,0.971830985915493,71,69,2,2,105
SVM,2,0.9591836734693877,0.9791666666666666,0.9690721649484536,48,47,1,2,128
