amostra,fold_externo
0,1
1,1
2,6
3,3
4,8
5,9
6,10
7,5
8,8
9,3
10,9
11,1
12,7
13,6
14,2
15,3
16,2
17,1
18,10
19,4
20,6
21,9
22,8
23,10
24,3
25,2
26,5
27,5
28,3
29,5
30,6
31,10
32,7
33,2
34,6
35,9
36,7
37,7
38,5
39,8
40,1
41,4
42,1
43,8
44,7
45,6
46,4
47,9
48,2
49,4
50,4
51,10
52,4
53,2
54,8
55,3
56,5
57,9
58,7
59,9
60,10
61,5
62,3
63,7
64,9
65,2
66,6
67,9
68,4
69,7
70,6
71,4
72,7
73,8
74,5
75,8
76,1
77,10
78,9
79,1
80,4
81,3
82,3
83,2
84,5
85,7
86,2
87,8
88,6
89,2
90,1
91,6
92,1
93,10
94,8
95,4
96,9
97,4
98,8
99,3
100,3
101,10
102,4
103,7
104,10
105,3
106,5
107,2
108,10
109,2
110,5
111,10
112,4
113,3
114,5
115,9
116,9
117,6
118,8
119,1
120,1
121,1
122,6
123,8
124,6
125,5
126,7
127,2
128,7
129,10
130,6
131,9
132,2
133,3
134,5
135,5
136,9
137,4
138,4
139,6
140,2
141,7
142,10
143,8
144,7
145,2
146,1
147,5
148,5
149,8
150,3
151,10
152,7
153,6
154,5
155,9
156,1
157,4
158,4
159,2
160,7
161,4
162,3
163,8
164,8
165,3
166,2
167,6
168,9
169,6
170,1
171,10
172,1
173,3
174,8
175,10
176,1
177,7
