modelo,n_treino,fold,acuracia_treino,acuracia_validacao
KNN,48,1,0.9791666666666666,0.9444444444444444
KNN,48,2,1.0,0.8888888888888888
KNN,48,3,0.9375,1.0
KNN,48,4,1.0,0.9444444444444444
KNN,48,5,0.9791666666666666,1.0
KNN,48,6,1.0,1.0
KNN,48,7,0.9791666666666666,1.0
KNN,48,8,1.0,0.8333333333333334
KNN,48,9,1.0,0.8823529411764706
KNN,48,10,0.9583333333333334,1.0
KNN,80,1,0.9625,0.9444444444444444
KNN,80,2,1.0,0.9444444444444444
KNN,80,3,1.0,1.0
KNN,80,4,0.975,1.0
KNN,80,5,0.9875,1.0
KNN,80,6,1.0,1.0
KNN,80,7,0.9625,1.0
KNN,80,8,1.0,0.8333333333333334
KNN,80,9,0.9625,1.0
KNN,80,10,0.9875,1.0
KNN,112,1,0.9732142857142857,1.0
KNN,112,2,0.9910714285714286,0.8888888888888888
KNN,112,3,1.0,1.0
KNN,112,4,0.9732142857142857,1.0
KNN,112,5,0.9732142857142857,1.0
KNN,112,6,0.9821428571428571,0.9444444444444444
KNN,112,7,0.9910714285714286,1.0
KNN,112,8,0.9821428571428571,0.8888888888888888
KNN,112,9,0.9821428571428571,1.0
KNN,112,10,0.9821428571428571,1.0
KNN,160,1,1.0,1.0
KNN,160,2,1.0,0.8888888888888888
KNN,160,3,0.9875,1.0
KNN,160,4,0.9875,0.9444444444444444
KNN,160,5,0.98125,0.9444444444444444
KNN,160,6,0.98125,1.0
KNN,160,7,1.0,1.0
KNN,160,8,0.9875,0.8888888888888888
KNN,160,9,0.98125,1.0
KNN,160,10,0.975,1.0
Random Forest,48,1,1.0,0.9444444444444444
Random Forest,48,2,1.0,0.8888888888888888
Random Forest,48,3,1.0,1.0
Random Forest,48,4,1.0,1.0
Random Forest,48,5,1.0,1.0
Random Forest,48,6,1.0,1.0
Random Forest,48,7,1.0,1.0
Random Forest,48,8,1.0,0.7777777777777778
Random Forest,48,9,1.0,1.0
Random Forest,48,10,1.0,1.0
Random Forest,80,1,1.0,0.9444444444444444
Random Forest,80,2,1.0,0.9444444444444444
Random Forest,80,3,1.0,1.0
Random Forest,80,4,1.0,1.0
Random Forest,80,5,1.0,1.0
Random Forest,80,6,1.0,1.0
Random Forest,80,7,1.0,1.0
Random Forest,80,8,1.0,0.8888888888888888
Random Forest,80,9,1.0,1.0
Random Forest,80,10,1.0,1.0
Random Forest,112,1,1.0,1.0
Random Forest,112,2,1.0,0.9444444444444444
Random Forest,112,3,1.0,1.0
Random Forest,112,4,1.0,1.0
Random Forest,112,5,1.0,1.0
Random Forest,112,6,1.0,1.0
Random Forest,112,7,1.0,1.0
Random Forest,112,8,1.0,0.9444444444444444
Random Forest,112,9,1.0,1.0
Random Forest,112,10,1.0,1.0
Random Forest,160,1,1.0,1.0
Random Forest,160,2,1.0,0.9444444444444444
Random Forest,160,3,1.0,1.0
Random Forest,160,4,1.0,1.0
Random Forest,160,5,1.0,0.9444444444444444
Random Forest,160,6,1.0,1.0
Random Forest,160,7,1.0,1.0
Random Forest,160,8,1.0,0.8888888888888888
Random Forest,160,9,1.0,1.0
Random Forest,160,10,1.0,1.0
SVM,48,1,1.0,1.0
SVM,48,2,1.0,0.8888888888888888
SVM,48,3,1.0,1.0
SVM,48,4,1.0,0.9444444444444444
SVM,48,5,1.0,0.9444444444444444
SVM,48,6,1.0,1.0
SVM,48,7,1.0,1.0
SVM,48,8,0.9791666666666666,0.8888888888888888
SVM,48,9,1.0,0.9411764705882353
SVM,48,10,1.0,0.9411764705882353
SVM,80,1,1.0,1.0
SVM,80,2,1.0,0.9444444444444444
SVM,80,3,1.0,1.0
SVM,80,4,1.0,1.0
SVM,80,5,1.0,0.9444444444444444
SVM,80,6,1.0,1.0
SVM,80,7,1.0,1.0
SVM,80,8,0.975,0.8888888888888888
SVM,80,9,1.0,1.0
SVM,80,10,0.9875,1.0
SVM,112,1,0.9910714285714286,1.0
SVM,112,2,1.0,0.8888888888888888
SVM,112,3,0.9821428571428571,1.0
SVM,112,4,1.0,1.0
SVM,112,5,0.9910714285714286,0.9444444444444444
SVM,112,6,1.0,1.0
SVM,112,7,1.0,1.0
SVM,112,8,0.9821428571428571,0.9444444444444444
SVM,112,9,0.9910714285714286,1.0
SVM,112,10,1.0,1.0
SVM,160,1,1.0,1.0
SVM,160,2,1.0,0.8888888888888888
SVM,160,3,1.0,1.0
SVM,160,4,1.0,1.0
SVM,160,5,1.0,0.9444444444444444
SVM,160,6,1.0,0.9444444444444444
SVM,160,7,1.0,1.0
SVM,160,8,0.9875,0.9444444444444444
SVM,160,9,1.0,1.0
SVM,160,10,1.0,1.0
