modelo,fold,n_teste,acuracia,melhor_acuracia_interna,parametros
KNN,1,18,0.9444444444444444,0.9625,"{""kneighborsclassifier__n_neighbors"": 3, ""kneighborsclassifier__p"": 1, ""kneighborsclassifier__weights"": ""uniform""}"
KNN,2,18,0.8888888888888888,0.98125,"{""kneighborsclassifier__n_neighbors"": 9, ""kneighborsclassifier__p"": 1, ""kneighborsclassifier__weights"": ""uniform""}"
KNN,3,18,1.0,0.9875,"{""kneighborsclassifier__n_neighbors"": 9, ""kneighborsclassifier__p"": 1, ""kneighborsclassifier__weights"": ""uniform""}"
KNN,4,18,0.9444444444444444,0.9875,"{""kneighborsclassifier__n_neighbors"": 9, ""kneighborsclassifier__p"": 1, ""kneighborsclassifier__weights"": ""uniform""}"
KNN,5,18,1.0,0.975,"{""kneighborsclassifier__n_neighbors"": 9, ""kneighborsclassifier__p"": 1, ""kneighborsclassifier__weights"": ""uniform""}"
KNN,6,18,1.0,0.98125,"{""kneighborsclassifier__n_neighbors"": 9, ""kneighborsclassifier__p"": 1, ""kneighborsclassifier__weights"": ""uniform""}"
KNN,7,18,1.0,0.975,"{""kneighborsclassifier__n_neighbors"": 9, ""kneighborsclassifier__p"": 1, ""kneighborsclassifier__weights"": ""uniform""}"
KNN,8,18,0.8888888888888888,0.96875,"{""kneighborsclassifier__n_neighbors"": 5, ""kneighborsclassifier__p"": 1, ""kneighborsclassifier__weights"": ""uniform""}"
KNN,9,17,1.0,0.968939393939394,"{""kneighborsclassifier__n_neighbors"": 9, ""kneighborsclassifier__p"": 2, ""kneighborsclassifier__weights"": ""uniform""}"
KNN,10,17,1.0,0.975189393939394,"{""kneighborsclassifier__n_neighbors"": 9, ""kneighborsclassifier__p"": 1, ""kneighborsclassifier__weights"": ""uniform""}"
Random Forest,1,18,1.0,0.98125,"{""max_depth"": null, ""min_samples_leaf"": 1, ""n_estimators"": 80}"
Random Forest,2,18,0.9444444444444444,0.9875,"{""max_depth"": null, ""min_samples_leaf"": 1, ""n_estimators"": 80}"
Random Forest,3,18,1.0,0.98125,"{""max_depth"": null, ""min_samples_leaf"": 1, ""n_estimators"": 80}"
Random Forest,4,18,1.0,0.98125,"{""max_depth"": null, ""min_samples_leaf"": 1, ""n_estimators"": 160}"
Random Forest,5,18,1.0,0.9875,"{""max_depth"": null, ""min_samples_leaf"": 1, ""n_estimators"": 80}"
Random Forest,6,18,1.0,0.98125,"{""max_depth"": null, ""min_samples_leaf"": 1, ""n_estimators"": 80}"
Random Forest,7,18,1.0,0.98125,"{""max_depth"": null, ""min_samples_leaf"": 1, ""n_estimators"": 80}"
Random Forest,8,18,0.9444444444444444,0.99375,"{""max_depth"": null, ""min_samples_leaf"": 1, ""n_estimators"": 80}"
Random Forest,9,17,1.0,0.981439393939394,"{""max_depth"": null, ""min_samples_leaf"": 1, ""n_estimators"": 80}"
Random Forest,10,17,1.0,0.975,"{""max_depth"": null, ""min_samples_leaf"": 1, ""n_estimators"": 80}"
SVM,1,18,1.0,0.9875,"{""svc__C"": 1, ""svc__gamma"": ""scale"", ""svc__kernel"": ""rbf""}"
SVM,2,18,0.8888888888888888,1.0,"{""svc__C"": 1, ""svc__gamma"": 0.01, ""svc__kernel"": ""rbf""}"
SVM,3,18,1.0,0.9875,"{""svc__C"": 1, ""svc__gamma"": 0.01, ""svc__kernel"": ""rbf""}"
SVM,4,18,1.0,0.98125,"{""svc__C"": 1, ""svc__gamma"": ""scale"", ""svc__kernel"": ""rbf""}"
SVM,5,18,1.0,0.99375,"{""svc__C"": 1, ""svc__gamma"": 0.01, ""svc__kernel"": ""rbf""}"
SVM,6,18,0.9444444444444444,0.99375,"{""svc__C"": 10, ""svc__gamma"": 0.01, ""svc__kernel"": ""rbf""}"
SVM,7,18,1.0,0.9875,"{""svc__C"": 1, ""svc__gamma"": 0.01, ""svc__kernel"": ""rbf""}"
SVM,8,18,0.9444444444444444,0.99375,"{""svc__C"": 1, ""svc__gamma"": 0.01, ""svc__kernel"": ""rbf""}"
SVM,9,17,1.0,0.9816287878787879,"{""svc__C"": 1, ""svc__gamma"": 0.1, ""svc__kernel"": ""rbf""}"
SVM,10,17,1.0,0.9876893939393939,"{""svc__C"": 1, ""svc__gamma"": 0.1, ""svc__kernel"": ""rbf""}"
